City Name,City ID,Country Code,Longitude,Latitude,Temp,Feels Like Temp,Min Temp,Max Temp,Pressure,Humidity,Visibility,Wind Speed,Wind Temp,Sunrise,Sunset,Cloudiness
Barrow,5880054,US,-156.7887,71.2906,-26.99,-33.99,-26.99,-26.99,1018,69,10000,4.12,240,1647707355,1647751226,100
Castro,3466704,BR,-50.0119,-24.7911,18.37,18.85,18.37,18.37,1017,99,8193,1.1,326,1647681792,1647725547,100
Abadan,162099,TM,58.2056,38.0507,7.85,4.45,7.85,7.85,1026,71,10000,6.17,110,1647655970,1647699436,100
Yellowknife,6185377,CA,-114.3525,62.456,-21.38,-28.05,-21.38,-21.38,1014,100,3683,2.34,76,1647697284,1647740932,95
Upernavik,3418910,GL,-56.1549,72.7868,-22.28,-27.36,-22.28,-22.28,1012,70,10000,1.57,28,1647683268,1647727019,100
Faanui,4034551,PF,-151.75,-16.4833,28.3,31.26,28.3,28.3,1013,70,10000,7.05,119,1647706244,1647749918,3
Buala,2109528,SB,159.5921,-8.145,27.19,29.96,27.19,27.19,1008,78,10000,2.27,31,1647717943,1647761570,100
Sumbe,3346015,AO,13.8437,-11.2061,28.45,31.26,28.45,28.45,1008,68,10000,4.18,283,1647666516,1647710179,62
Tasiilaq,3424607,GL,-37.6368,65.6145,-4.91,-9.59,-4.91,-4.91,1009,72,10000,3.19,338,1647678900,1647722500,100
New Norfolk,2155415,AU,147.0587,-42.7826,13.03,12.09,9.95,13.28,1017,65,10000,1.21,328,1647720817,1647764711,9
São Filipe,3374210,CV,-24.4956,14.8961,21.38,21.45,21.38,21.38,1014,72,10000,5.6,45,1647675776,1647719318,18
Ushuaia,3833367,AR,-68.3,-54.8,4.81,2.62,4.81,5.79,1020,75,10000,2.57,70,1647685942,1647730174,0
Rikitea,4030556,PF,-134.9692,-23.1203,26.49,26.49,26.49,26.49,1017,76,10000,3.27,85,1647702194,1647745915,4
Bambous Virieux,1106677,MU,57.7575,-20.3428,27.14,31.02,27.14,28.45,1010,89,3000,2.06,220,1647655941,1647699680,75
Jiutai,2036401,CN,125.8328,44.1525,-5.81,-5.81,-5.81,-5.81,1019,88,10000,0.53,340,1647639764,1647683187,13
Penzance,2640377,GB,-5.5371,50.1186,10.62,9.59,10.38,10.62,1027,71,10000,14.92,110,1647671251,1647714745,20
Vestmannaeyjar,3412093,IS,-20.2734,63.4427,8.55,3.27,8.55,8.55,1003,93,2000,15.43,180,1647674754,1647718314,100
Yenagoa,2318123,NG,6.2642,4.9247,35.53,38.22,35.53,35.53,1006,40,10000,2.91,219,1647668378,1647711954,100
Hermanus,3366880,ZA,19.2345,-34.4187,27.67,29.17,27.67,27.67,1017,62,10000,9.64,138,1647665114,1647708994,0
Ulundi,946257,ZA,31.4162,-28.3352,27.29,26.97,27.29,27.29,1017,38,10000,2.87,102,1647662225,1647706036,92
Gīdolē,336526,ET,37.3667,5.65,24.32,23.54,24.32,24.32,1007,28,10000,0.66,81,1647660917,1647704489,91
Hambantota,1244926,LK,81.1185,6.1241,27.56,30.29,27.56,27.56,1007,74,10000,7.09,263,1647650422,1647693988,93
Florø,3156980,NO,5.0328,61.5996,8.98,5.57,8.98,9.04,1047,66,10000,7.2,150,1647668700,1647712223,100
Shīeli,1524801,KZ,66.75,44.1667,2.46,-0.06,2.46,2.46,1033,43,10000,2.45,316,1647653926,1647697379,10
Hong Kong,1819729,HK,114.1577,22.2855,23.28,23.91,22.75,23.99,1010,86,10000,5.81,100,1647642531,1647686024,9
Tuktoyaktuk,6170031,CA,-133.0374,69.4541,-26,-33,-26,-26,1017,76,10000,4.63,300,1647701698,1647745484,75
Ucluelet,6171633,CA,-125.5528,48.9329,4.49,4.49,3.17,4.49,1010,92,10000,0.45,308,1647700013,1647743578,62
San Patricio,4726521,US,-97.5169,28.017,17.45,16.74,14.74,18.93,1023,57,10000,4.26,49,1647693302,1647736834,39
Busselton,2075265,AU,115.3333,-33.65,19.57,18.86,19.57,19.57,1017,49,10000,6.27,117,1647642043,1647685947,100
Kasongo-Lunda,2315026,CD,16.8167,-6.4667,30,32.83,30,30,1006,60,10000,0.73,35,1647665817,1647709451,40
Hobart,2163355,AU,147.3294,-42.8794,12.15,11.74,10.14,13.48,1013,89,10000,4.12,360,1647720751,1647764647,10
East London,1006984,ZA,27.9116,-33.0153,25.1,25.57,25.1,25.1,1018,73,10000,5.07,69,1647663040,1647706904,100
Cape Town,3369157,ZA,18.4232,-33.9258,25.18,25.16,24.49,26.26,1016,54,10000,7.2,220,1647665312,1647709185,0
Puerto Ayora,3652764,EC,-90.3518,-0.7393,27.98,31.45,27.98,27.98,1012,76,10000,1.23,207,1647691548,1647735150,25
Ribeira Grande,3372707,PT,-28.7,38.5167,15.22,14.02,15.22,15.22,1024,47,10000,5.14,310,1647676805,1647720306,40
Saint-Philippe,935215,RE,55.7679,-21.3585,27.58,31.6,26.73,27.77,1010,84,10000,3.06,256,1647656414,1647700161,100
Kruisfontein,986717,ZA,24.7314,-34.0033,24.91,25.15,24.91,24.91,1018,65,10000,6.16,122,1647663797,1647707673,17
Naze,1855540,JP,129.4833,28.3667,15.51,15.05,15.51,15.51,1014,74,10000,4.91,319,1647638866,1647682333,48
Nantucket,4944903,US,-70.0995,41.2835,11.01,10.78,9.44,11.08,1016,100,402,6.69,150,1647686729,1647730250,100
Mwene-Ditu,207570,CD,23.45,-7,27.7,28.55,27.7,27.7,1007,55,10000,1.12,120,1647664224,1647707861,23
Mataura,6201424,NZ,168.8643,-46.1927,9.15,9.15,9.15,9.15,1015,99,10000,1.04,54,1647715553,1647759511,18
Young,3439525,UY,-57.6333,-32.6833,16.84,15.89,16.84,16.84,1025,50,10000,4.61,161,1647683583,1647727414,0
Cidreira,3466165,BR,-50.2056,-30.1811,20.56,20.84,20.56,20.56,1018,83,10000,5.77,226,1647681813,1647725619,100
Lebu,3883457,CL,-73.65,-37.6167,15.97,14.9,15.97,15.97,1016,49,10000,4.59,199,1647687398,1647731284,95
Tonj,365763,SS,28.6822,7.2737,39.43,36.94,39.43,39.43,1003,13,10000,2.58,58,1647663005,1647706569,54
Vostok,2013279,RU,135.8833,46.4856,-12.95,-12.95,-12.95,-12.95,1016,98,3146,0.94,181,1647723639,1647767252,87
Bluff,2206939,NZ,168.3333,-46.6,9.33,6.82,9.33,9.33,1015,92,9913,4.82,89,1647715677,1647759642,19
Hilo,5855927,US,-155.09,19.7297,20.74,21.38,20.34,21.81,1019,96,10000,3.09,250,1647707106,1647750660,100
Port Alfred,964432,ZA,26.891,-33.5906,25.03,25.63,25.03,25.03,1018,78,10000,7.17,100,1647663281,1647707152,98
Okahandja,3354898,NA,16.9167,-21.9833,27.6,27,27.6,27.6,1011,34,10000,0.25,263,1647665738,1647709482,90
Bumba,217745,CD,22.4667,2.1833,35.95,35.84,35.95,35.95,1003,29,10000,0.68,249,1647664484,1647708072,98
Esperance,2071860,AU,121.9,-33.8667,17.47,17.15,17.47,17.47,1021,72,10000,6.3,112,1647640465,1647684374,100
Longyearbyen,2729907,SJ,15.6401,78.2186,-3.09,-7.76,-3.09,-3.09,988,80,8000,3.6,280,1647666022,1647709810,75
Atuona,4020109,PF,-139.0333,-9.8,25.68,26.37,25.68,25.68,1012,79,10000,7.89,98,1647703210,1647746850,15
Albany,5106841,US,-73.9662,42.6001,12.2,11.83,9.74,14.85,1008,90,10000,1.34,167,1647687656,1647731179,100
Punta Arenas,3874787,CL,-70.9167,-53.15,7.96,4.98,7.84,8.06,1021,71,10000,5.14,20,1647686594,1647730777,75
Brodnica,3102627,PL,19.3965,53.2597,8.92,6.36,8.92,8.92,1045,28,10000,4.7,91,1647665274,1647708756,0
Cherskiy,2126199,RU,161.3,68.75,-21.59,-28.59,-21.59,-21.59,1019,83,10000,4.01,139,1647717418,1647761276,41
Narón,3115739,ES,-8.1528,43.5167,19.47,19.33,19.47,19.47,1020,71,10000,2.74,31,1647671880,1647715371,71
Vaini,4032243,TO,-175.2,-21.2,24.49,25.29,24.49,24.49,1011,88,9220,14.86,326,1647798277,1647841902,100
Dikson,1507390,RU,80.5464,73.5069,-12.07,-19.07,-12.07,-12.07,995,97,729,4.17,284,1647650578,1647694106,100
Kudahuvadhoo,1337607,MV,72.8944,2.6708,28.86,32.97,28.86,28.86,1009,73,10000,7.37,277,1647652386,1647695970,7
Troitsko-Pechorsk,481548,RU,56.1964,62.7084,-0.11,-4.45,-0.11,-0.11,1024,93,3456,4.04,275,1647656447,1647699923,100
Hay River,5972762,CA,-115.7999,60.8156,-13.01,-16.68,-14.02,-13.01,1011,92,604,1.54,100,1647697639,1647741271,100
Ouadda,236901,CF,22.4007,8.0777,38.67,35.4,38.67,38.67,1004,7,10000,2.56,107,1647664513,1647708075,31
Natal,3394023,BR,-35.2094,-5.795,29.55,32.55,29.55,29.55,1011,63,10000,4.33,117,1647678304,1647721931,100
Sitka,5557293,US,-135.33,57.0531,3.94,-0.3,3.94,3.94,1001,70,10000,5.66,110,1647702333,1647745950,75
Lüderitz,3355672,NA,15.1594,-26.6481,26.23,26.23,26.23,26.23,1012,56,10000,4.52,206,1647666137,1647709926,4
Avarua,4035715,CK,-159.775,-21.2078,25.03,25.76,25.03,25.03,1014,83,10000,2.57,100,1647708156,1647751858,100
Opuwo,3354077,NA,13.84,-18.0607,30.45,29.03,30.45,30.45,1009,28,10000,2.75,242,1647666492,1647710204,45
Mar del Plata,3430863,AR,-57.5575,-38.0023,17.15,16.23,17.15,18.01,1023,50,10000,5.14,270,1647683531,1647727429,0
St Helens,2638785,GB,-2.7333,53.45,15.67,14.47,14.17,16.79,1035,45,10000,7.72,110,1647670576,1647714074,0
Rudnya,500667,RU,31.0934,54.947,1.67,-0.53,1.67,1.67,1046,88,10000,2.02,333,1647662470,1647705947,3
Khandyga,2022773,RU,135.6,62.6667,-14.03,-14.03,-14.03,-14.03,1019,98,557,0.74,10,1647637434,1647680830,100
Wajima,1848976,JP,136.9,37.4,5.2,1.06,5.2,5.2,1009,91,8892,6.23,349,1647637102,1647680538,100
Lagoa,3372964,PT,-27.9833,39.05,12.38,11.16,12.38,12.38,1024,57,10000,5.95,325,1647676633,1647720134,97
Erin,4621108,US,-87.6947,36.3184,8.1,5.12,6.81,9.1,1015,85,10000,5.24,248,1647690949,1647734474,100
Fortuna,5563839,US,-124.1573,40.5982,8.33,6.79,7.51,9.25,1014,96,4023,2.57,140,1647699688,1647743233,100
Progreso,3521108,MX,-89.6667,21.2833,26.73,29.07,26.06,26.73,1016,79,10000,5.48,142,1647691415,1647734954,8
Grindavik,3416888,IS,-22.4338,63.8424,0.26,-5.44,-0.03,0.26,1002,100,6000,6.69,10,1647675269,1647718835,100
Toora-Khem,1489401,RU,96.11,52.4675,-14.96,-14.96,-14.96,-14.96,1032,96,10000,1.22,255,1647646893,1647690322,100
Russell,4047434,US,-85.1999,32.3502,13.47,12.83,12.76,14.39,1018,75,10000,4.63,280,1647690350,1647733875,75
Sahāranpur,1257806,IN,77.55,29.9667,28.47,27.13,28.47,28.47,1003,22,10000,0.69,188,1647651322,1647694800,0
San Alberto,3670242,CO,-73.3922,7.7611,28.98,31.15,28.98,28.98,1012,61,10000,1.23,227,1647687495,1647731064,79
Torbay,6167817,CA,-52.7314,47.6666,-0.15,-7.15,-0.82,0.88,1015,79,10000,10.29,340,1647682562,1647726081,75
Vieques,4568570,PR,-65.8329,18.425,27.67,30.52,26,29.26,1020,74,10000,4.63,80,1647685696,1647729235,40
Mwinilunga,902620,ZM,24.4293,-11.7358,23.69,23.99,23.69,23.69,1009,72,10000,2.53,120,1647663974,1647707641,84
Bilma,2446796,NE,12.9164,18.6853,33.81,31.5,33.81,33.81,1009,2,10000,4.77,119,1647666807,1647710332,0
Turukhansk,1488903,RU,87.9833,65.8167,-10.53,-15.23,-10.53,-10.53,1007,98,10000,2.32,290,1647648830,1647692285,100
Butaritari,2110227,KI,172.7902,3.0707,26.7,29.32,26.7,26.7,1008,83,10000,8.21,100,1647714795,1647758385,43
Jamestown,5122534,US,-79.2353,42.097,12.05,11.11,9.73,12.79,1006,69,10000,3.09,210,1647688919,1647732444,100
Port Blair,1259385,IN,92.75,11.6667,25.37,26.13,25.37,25.37,1007,83,10000,4.19,19,1647647644,1647691184,100
Porto-Novo,2392087,BJ,2.6036,6.4965,31.55,36.04,31.55,31.55,1008,60,10000,3.63,202,1647669260,1647712829,94
Guerrero Negro,4021858,MX,-114.0611,27.9769,14.17,13.99,14.17,14.17,1016,90,10000,3,333,1647697270,1647740806,0
Verkhnevilyuysk,2013639,RU,120.3167,63.4453,-13.7,-20.24,-13.7,-13.7,1012,94,10000,3.22,170,1647641093,1647684505,93
Ahipara,2194098,NZ,173.1667,-35.1667,18.6,18.81,18.6,18.6,1010,88,10000,5.98,50,1647714593,1647758406,13
Ekibastuz,1524325,KZ,75.3667,51.6667,-16.34,-16.34,-16.34,-16.34,1038,100,9177,1.23,277,1647651863,1647695306,48
Makīnsk,1521230,KZ,70.4169,52.6292,-16.9,-16.9,-16.9,-16.9,1038,92,10000,1.13,240,1647653050,1647696496,11
Mahébourg,934322,MU,57.7,-20.4081,27.16,31.08,27.16,28.47,1010,89,3000,2.06,220,1647655954,1647699694,75
Bredasdorp,1015776,ZA,20.0403,-34.5322,25.38,25.62,25.38,25.38,1019,63,10000,7.22,120,1647664920,1647708801,7
Arraial do Cabo,3471451,BR,-42.0278,-22.9661,26.16,26.16,26.16,26.16,1014,79,10000,7.52,46,1647679883,1647723624,100
Chui,3443061,UY,-53.4616,-33.6971,18.99,18.15,18.99,18.99,1022,46,10000,6.41,175,1647682575,1647726419,46
Sauce,3440379,UY,-56.0628,-34.6469,17.18,16,16.79,18.17,1025,40,10000,4.53,168,1647683194,1647727049,6
Cabo San Lucas,3985710,MX,-109.9124,22.8909,20.84,20.49,14.61,20.84,1007,58,10000,2.09,5,1647696272,1647739813,21
Provideniya,4031574,RU,-173.3,64.3833,-18.89,-25.87,-18.89,-18.89,1028,70,10000,2.79,355,1647797568,1647841700,0
Esim,2303611,GH,-2.2405,4.8699,30.23,34.62,30.23,30.23,1008,66,10000,3.84,242,1647670418,1647713995,50
Mayo,4362001,US,-76.5119,38.8876,18.29,18.19,16.08,19.73,1003,77,10000,5.14,220,1647688267,1647731789,75
Nikolskoye,546105,RU,30.7861,59.7035,3.09,0.68,2.11,3.82,1045,87,10000,2.45,276,1647662537,1647706027,96
Blackwater,2175403,AU,148.8833,-23.5833,21.46,21.49,21.46,21.46,1013,70,10000,4.13,79,1647720473,1647764180,1
Ţalkhā,347591,EG,31.3779,31.0539,16.47,15.27,16.47,16.47,1020,42,10000,7.86,22,1647662396,1647705884,21
Mahon,2514301,ES,4.2658,39.8885,14.31,13.94,14.31,14.31,1022,82,10000,9.77,70,1647668902,1647712389,40
Mount Gambier,2156643,AU,140.7667,-37.8333,14.4,13.88,14.4,14.4,1016,76,10000,1.04,250,1647722359,1647766189,82
Kapaa,5848280,US,-159.319,22.0752,21.36,21.33,20.06,23.18,1018,68,10000,4.63,60,1647708121,1647751674,20
Nushki,1168749,PK,66.0215,29.5542,24.44,23.28,24.44,24.44,1009,13,10000,5.13,321,1647654086,1647697568,0
Lata,2738381,PT,-8.3327,40.1629,21.38,20.7,18.29,21.38,1018,43,10000,5.08,127,1647671922,1647715415,46
Konëvo,545467,RU,39.3192,62.1215,0.87,-3.18,0.87,0.87,1037,88,10000,3.95,246,1647660489,1647703980,44
Krasnovishersk,542184,RU,57.082,60.4078,0.22,-3.01,0.22,0.22,1028,87,10000,2.75,267,1647656239,1647699706,100
Zhezkazgan,1516589,KZ,67.7144,47.8043,-7.01,-14.01,-7.01,-7.01,1029,79,10000,6,50,1647653696,1647697146,0
Paamiut,3421193,GL,-49.6678,61.994,-10.17,-15.15,-10.17,-10.17,1014,82,10000,2.56,333,1647681798,1647725376,100
Owando,2255542,CG,15.8999,-0.4819,36.6,36.84,36.6,36.6,1003,29,10000,1.66,120,1647666053,1647709654,63
Manthani,1263610,IN,79.6667,18.65,33.25,31.35,33.25,33.25,1003,22,10000,3.05,80,1647650797,1647694310,20
Thabazimbi,949683,ZA,27.4116,-24.5917,29,27.93,29,29,1014,31,10000,1.11,207,1647663206,1647706977,39
Meadow Lake,5478673,US,-106.5436,34.8014,3.82,3.82,1.78,7.6,1022,28,10000,0.75,188,1647695468,1647739000,0
Nanortalik,3421765,GL,-45.2371,60.1432,-7.31,-13.96,-7.31,-7.31,1011,83,10000,4.87,317,1647680743,1647724304,49
Cherniakhiv,710663,UA,28.6702,50.4565,3.83,0.92,3.83,3.83,1044,32,10000,3.24,23,1647663053,1647706526,0
Bhātāpāra,1276084,IN,81.9333,21.7333,32.64,30.36,32.64,32.64,1003,15,10000,1.37,227,1647650258,1647693760,10
Grinnell,4859343,US,-92.7224,41.743,1.56,-3.31,-0.08,1.99,1014,90,10000,5.66,300,1647692152,1647735683,0
Esso,2125711,RU,158.7,55.9333,-10.38,-14.04,-10.38,-10.38,1025,99,1206,1.72,161,1647718141,1647761801,98
Qaanaaq,3831208,GL,-69.3632,77.484,-22.02,-29.02,-22.02,-22.02,1012,93,2183,2.66,80,1647686333,1647730292,100
Pisco,3932145,PE,-76.2167,-13.7,21.03,21.49,21.03,21.03,1013,88,5000,1.03,0,1647688123,1647731791,100
Pevek,2122090,RU,170.3133,69.7008,-23.52,-30.52,-23.52,-23.52,1021,75,10000,5.08,161,1647715248,1647759120,18
Fare,4034496,PF,-151.0167,-16.7,27.81,30.68,27.81,27.81,1013,73,10000,7.25,127,1647706068,1647749743,1
Lakhdenpokh'ya,537147,RU,30.1992,61.5198,3.47,-0.26,3.47,3.47,1042,73,10000,4.41,241,1647662674,1647706171,53
Batagay,2027044,RU,134.6333,67.6333,-23.95,-30.81,-23.95,-23.95,1015,98,10000,2.21,128,1647723813,1647767678,48
Ossora,2122389,RU,163.0719,59.2353,-4.17,-6.69,-4.17,-4.17,1027,98,128,1.6,165,1647717077,1647760766,100
Kalemie,214974,CD,29.1947,-5.9475,25.49,25.92,25.49,25.49,1009,70,10000,3.51,115,1647662848,1647706479,38
Sisimiut,3419842,GL,-53.6735,66.9395,-20.66,-25.03,-20.66,-20.66,1015,87,10000,1.4,157,1647682730,1647726366,83
La Palma,5364022,US,-118.0467,33.8464,13.19,12.91,11.31,15.73,1016,90,10000,2.06,80,1647698226,1647741762,75
Makubetsu,2129324,JP,141.8211,45.3714,-1.71,-8.71,-1.71,-1.71,1007,81,10000,8.92,36,1647635933,1647679345,100
Dawlatabad,1142226,AF,64.9053,36.4141,9.23,7.34,9.23,9.23,1026,47,10000,3.43,32,1647654362,1647697828,6
Dömsöd,3053577,HU,19.0111,47.0901,12.71,10.77,12.31,12.71,1037,28,10000,5.1,90,1647665369,1647708846,42
Coquimbo,3893629,CL,-71.3436,-29.9533,16.85,16.89,16.85,16.85,1014,88,10000,1.03,350,1647686889,1647730687,20
Karonga,235715,MW,33.9333,-9.9333,25.61,26.24,25.61,25.61,1010,77,10000,2.62,115,1647661699,1647705355,100
Geraldton,2070998,AU,114.6,-28.7667,24.23,24.88,24.23,24.23,1009,83,10000,5.66,160,1647642251,1647686091,73
Rincon,4218882,US,-81.2354,32.296,20.13,20.24,18.98,21.64,1017,78,10000,4.12,210,1647689399,1647732923,75
Bathsheba,3374083,BB,-59.5167,13.2167,27.34,29.85,27.34,27.34,1017,74,10000,10.8,90,1647684174,1647727726,75
Khanbari,1283217,NP,87.2039,27.3747,23.22,22.75,23.22,23.22,1008,44,10000,0.4,70,1647649004,1647692486,32
Şagu,668261,RO,21.2833,46.05,9.79,8.9,9.79,9.8,1037,27,10000,2.06,100,1647664824,1647708300,20
Ginda,1253628,IN,78.4932,30.6945,16.32,15.39,16.32,16.32,1011,53,10000,2.05,31,1647651097,1647694572,0
Deputatsky,2028164,RU,139.9,69.3,-26.32,-31.92,-26.32,-26.32,1016,94,10000,1.55,240,1647722530,1647766434,30
Atakpamé,2367886,TG,1.1333,7.5333,38.1,38.06,38.1,38.1,1006,25,10000,2.35,113,1647669614,1647713180,7
Hailar,2037078,CN,119.7,49.2,-18.15,-24.04,-18.15,-18.15,1023,98,10000,2.23,151,1647641239,1647684656,100
Haines Junction,5969025,CA,-137.5108,60.7522,-7.03,-7.03,-7.03,-7.03,1001,86,735,1.03,80,1647702839,1647746491,87
Carlsbad,5334223,US,-117.3506,33.1581,12.62,12.24,10.42,14.84,1017,88,10000,0.89,94,1647698059,1647741595,0
Dali,1814093,CN,100.1833,25.7,16.65,15.44,16.65,16.65,1005,41,10000,2.9,230,1647645888,1647689372,6
Qasigiannguit,3420768,GL,-51.1922,68.8193,-15.86,-19.59,-15.86,-15.86,1015,85,5071,1.4,6,1647682123,1647725783,100
Hīt,95788,IQ,42.8251,33.6416,21.86,20.68,21.86,21.86,1012,22,10000,6.19,259,1647659653,1647703133,30
Iqaluit,5983720,CA,-68.5145,63.7506,-27.95,-34.95,-28.15,-27.95,1017,68,10000,6.71,320,1647686302,1647729916,0
Cockburn Town,3576994,TC,-71.1419,21.4612,25.79,26.28,25.79,25.79,1021,71,10000,9.05,106,1647686972,1647730507,36
Yulara,6355222,AU,130.9889,-25.2406,30.91,28.93,30.91,30.91,1013,18,10000,5.66,160,1647638337,1647682140,45
Saint Paul Harbor,5866583,US,-152.4072,57.79,0.73,-3.79,0.73,0.73,992,86,4828,4.63,310,1647706421,1647750057,100
Riachão do Jacuípe,3451474,BR,-39.3856,-11.8069,30.62,31,30.62,30.62,1013,44,10000,2.87,134,1647679289,1647722950,23
Norman Wells,6089245,CA,-126.8329,65.282,-22.98,-22.98,-22.98,-22.98,1013,70,10000,0,0,1647700253,1647743952,75
Berlevåg,780687,NO,29.0864,70.8578,2.12,-4.88,2.12,2.12,1008,86,10000,17.25,293,1647662902,1647706478,75
Margate,2643044,GB,1.3862,51.3813,11.62,10.53,10.94,13.5,1038,65,10000,3.13,347,1647669591,1647713082,0
Saint George,5546220,US,-113.5841,37.1041,7.33,7.33,7.33,7.33,1019,33,10000,0,0,1647697155,1647740691,0
Maragogi,3395458,BR,-35.2225,-9.0122,28.88,31.45,28.88,28.88,1012,64,10000,3.53,154,1647678299,1647721943,94
Vao,2137773,NC,167.4833,-22.6667,24.33,24.99,24.33,24.33,1006,83,8452,4.24,39,1647716011,1647759716,100
Banda Aceh,1215502,ID,95.3222,5.5577,27.03,29.71,27.03,27.03,1007,79,10000,6.5,200,1647647012,1647690581,100
Flagstaff,5294810,US,-111.6513,35.1981,2.99,2.99,0.01,3.95,1020,34,10000,0.68,155,1647696693,1647740227,100
Severo-Kuril'sk,2121385,RU,156.125,50.6789,0.33,-5.56,0.33,0.33,1013,98,179,7.17,79,1647718777,1647762400,100
Tumaco,3666640,CO,-78.8156,1.7986,25.18,26.03,25.18,25.18,1012,87,10000,2.57,205,1647688785,1647732376,100
Rantepao,1629974,ID,119.8978,-2.9701,20.6,21.25,20.6,20.6,1011,97,10000,0.85,320,1647641091,1647684708,100
Mareeba,2158767,AU,145.4333,-17,23.02,23.65,23.02,24.4,1010,87,10000,0.84,109,1647721321,1647764987,100
Richards Bay,962367,ZA,32.0377,-28.783,25.35,25.46,25.35,25.35,1018,58,10000,5.24,85,1647662074,1647705890,15
Kavieng,2094342,PG,150.7967,-2.5744,28.31,31.43,28.31,28.31,1008,71,10000,6.71,79,1647720064,1647763670,100
Douentza,2458334,ML,-2.9517,14.9951,38.66,35.7,38.66,38.66,1006,10,10000,2.09,31,1647670608,1647714147,8
Gagra,614622,GE,40.2239,43.3283,4.51,1.7,4.51,4.52,1024,82,10000,3.3,292,1647660284,1647703751,100
Mossamedes,3347019,AO,12.1522,-15.1961,30.45,31.23,30.45,30.45,1008,47,10000,8.54,227,1647666908,1647710598,37
Jalu,86049,LY,21.5482,29.0331,20.47,19.2,20.47,20.47,1017,24,10000,10.46,98,1647664751,1647708247,84
Puerto Escondido,3520994,MX,-97.0667,15.85,23.46,24.16,23.46,23.46,1014,88,10000,3.6,20,1647693185,1647736735,0
Kayerkan,1497337,RU,87.7602,69.3497,-11.93,-18.93,-11.93,-11.93,1001,92,2148,4.29,242,1647648874,1647692348,100
Batticaloa,1250161,LK,81.6924,7.7102,26.47,26.47,26.47,26.47,1007,82,10000,3.95,149,1647650288,1647693847,96
Harper,2276492,LR,-7.7169,4.375,29.8,34.33,29.8,29.8,1009,69,10000,4.34,242,1647671731,1647715310,27
Alta Floresta,6316343,BR,-56.0861,-9.8756,26.87,29.37,26.87,26.87,1014,79,10000,1.29,103,1647683303,1647726951,90
Carnarvon,2074865,AU,113.6333,-24.8667,25.04,25.9,25.04,25.04,1009,88,10000,4.63,200,1647642505,1647686300,5
Kathmandu,1283240,NP,85.3167,27.7167,24.12,23.58,24.12,24.12,1012,38,8000,2.57,210,1647649457,1647692938,20
Buraidah,107304,SA,43.975,26.326,29.25,27.57,29.25,29.25,1011,9,10000,1.5,204,1647659369,1647702866,0
Birjand,140463,IR,59.2211,32.8663,17.26,15.28,17.26,17.26,1016,9,10000,4.12,280,1647655721,1647699197,0
Beloha,1067565,MG,45.05,-25.1667,24.27,24.06,24.27,24.27,1014,50,10000,6.3,146,1647658969,1647702750,28
Thompson,6165406,CA,-97.8558,55.7435,-7.91,-13.1,-7.91,-7.91,1012,79,10000,3.09,50,1647693360,1647736939,100
Usevya,149132,TZ,31.2333,-7.1,26.58,26.58,26.58,26.58,1008,71,10000,1.52,92,1647662356,1647705994,100
Srednekolymsk,2121025,RU,153.6833,67.45,-24.67,-24.67,-24.67,-24.67,1016,98,10000,0.86,86,1647719257,1647763093,100
Hithadhoo,1282256,MV,73.0833,-0.6,28.91,32.71,28.91,28.91,1009,71,10000,7.71,258,1647652332,1647695934,27
Souillac,933995,MU,57.5167,-20.5167,27.21,31.22,27.21,27.21,1010,89,3000,2.06,220,1647655998,1647699738,75
Port Elizabeth,964420,ZA,25.5701,-33.918,26.29,26.29,26.16,26.29,1020,76,10000,6.69,110,1647663596,1647707471,20
Tarko-Sale,1490085,RU,77.785,64.9225,-5.47,-11.68,-5.47,-5.47,1010,96,10000,4.89,232,1647651274,1647694736,100
Port Hardy,6111862,CA,-127.4199,50.6996,1.1,-1.25,1.1,4,1010,100,10000,2.06,230,1647700456,1647744030,75
Vardø,777019,NO,31.1107,70.3705,2.73,-4.27,2.73,2.73,1008,76,10000,15.9,305,1647662421,1647705987,100
Khatanga,2022572,RU,102.5,71.9667,-15.55,-21.09,-15.55,-15.55,992,99,276,2.29,190,1647645338,1647688811,96
Keïta,2442478,NE,5.7749,14.7551,38.19,34.93,38.19,38.19,1006,6,10000,3.52,135,1647668514,1647712053,9
Derzhavīnsk,1524606,KZ,66.3167,51.1,-17.54,-24.2,-17.54,-17.54,1038,95,10000,2.75,58,1647654032,1647697481,5
Ténenkou,2449938,ML,-4.9169,14.4572,39.11,36.13,39.11,39.11,1006,10,10000,1.62,57,1647671078,1647714619,13
São Miguel do Araguaia,3448455,BR,-50.1628,-13.275,27.69,30.32,27.69,27.69,1013,72,10000,1.27,131,1647681871,1647725540,96
Aden,415189,YE,45.0367,12.7794,26.7,27.9,26.7,26.7,1011,63,10000,3.11,111,1647659092,1647702633,2
São João da Barra,3448903,BR,-41.0511,-21.6403,27.33,29.33,27.33,27.33,1015,69,10000,4.32,33,1647679654,1647723384,7
Masvingo,886763,ZW,30.8277,-20.0637,23.76,23.31,23.76,23.76,1015,43,10000,4.1,135,1647662406,1647706138,92
Tommot,2015179,RU,126.2925,58.9564,-24.53,-24.53,-24.53,-24.53,1022,99,10000,0.65,149,1647639664,1647683067,80
Lakatoro,2136697,VU,167.4164,-16.0999,26.82,29.6,26.82,26.82,1007,83,10000,2.93,317,1647716047,1647759712,100
Namatanai,2090021,PG,152.4333,-3.6667,26.86,29.26,26.86,26.86,1008,78,10000,4.24,82,1647719669,1647763279,91
Honiara,2108502,SB,159.95,-9.4333,25.76,26.64,25.76,25.76,1009,86,10000,0.51,118,1647717855,1647761487,100
Atessa,3182700,IT,14.4511,42.0693,10.48,9.05,8.88,10.84,1010,56,10000,1.34,93,1647666461,1647709942,100
Airai,1651810,TL,125.4092,-8.9266,16.32,16.49,16.32,16.32,1012,95,10000,1.12,116,1647639749,1647683406,100
Gucheng,1809597,CN,111.3192,35.9115,5.36,3.34,5.36,5.36,1018,56,10000,2.49,186,1647643233,1647686683,6
San Andrés,3670218,CO,-81.7006,12.5847,28.01,30.55,28.01,28.01,1014,69,10000,7.2,70,1647689495,1647733051,40
Black River,3491355,JM,-77.8487,18.0264,27.06,27.87,27.06,27.06,1018,56,10000,1.09,106,1647688578,1647732120,11
Hofn,2630299,IS,-15.2082,64.2539,7.88,2.54,7.88,7.88,1014,86,9042,14.33,200,1647673538,1647717099,100
Ponta do Sol,2264557,PT,-17.1,32.6667,17.27,16.88,15.62,19.35,1017,70,10000,4.22,264,1647674021,1647717523,39
Correntina,3465373,BR,-44.6367,-13.3433,27.38,28.41,27.38,27.38,1014,58,10000,2.01,129,1647680545,1647724214,49
Clyde River,5924351,CA,-68.5914,70.4692,-31.87,-38.87,-31.87,-31.87,1013,75,10000,2.57,250,1647686270,1647729985,20
Kunya,2592493,NG,8.5325,12.2233,36.68,33.67,36.68,36.68,1006,5,10000,4.51,69,1647667848,1647711395,93
Kismayo,55671,SO,42.5454,-0.3582,27.88,30.31,27.88,27.88,1008,69,10000,6.64,111,1647659660,1647703261,0
Cap Malheureux,934649,MU,57.6142,-19.9842,28.59,33.82,28.59,28.59,1010,81,10000,1.34,320,1647655977,1647699712,62
Sambava,1056899,MG,50.1667,-14.2667,27.94,32.41,27.94,27.94,1008,83,10000,2.98,5,1647657788,1647701476,98
Kaitangata,2208248,NZ,169.8464,-46.2817,9.42,8.42,9.42,9.42,1016,95,10000,2.12,33,1647715316,1647759277,17
St. George's,3579925,GD,-61.7485,12.0564,28.82,32.34,28.82,28.82,1016,70,10000,12.86,80,1647684708,1647728263,40
Tarragona,3108287,ES,1.249,41.129,13.85,12.94,13.41,15.19,1025,63,10000,5.66,50,1647669626,1647713113,75
Saskylakh,2017155,RU,114.0833,71.9167,-10.99,-16.1,-10.99,-10.99,990,97,964,2.54,291,1647642568,1647686022,100
Médéa,2488835,DZ,2.7539,36.2642,10.5,9.69,10.5,10.5,1017,80,10000,3.9,336,1647669263,1647712754,100
Sioux Lookout,6148373,CA,-91.917,50.1001,-1.96,-4.82,-1.96,-1.96,1011,80,10000,2.06,170,1647691950,1647735499,75
Saldanha,3361934,ZA,17.9442,-33.0117,32.03,39.03,32.03,32.03,1015,68,10000,6.5,184,1647665433,1647709294,28
Puerto Nariño,3671387,CO,-70.3831,-3.7703,23.7,24.66,23.7,23.7,1013,97,10000,0.84,20,1647686750,1647730365,100
Bourail,2141714,NC,165.4833,-21.5667,23.68,24.51,23.68,23.68,1007,92,10000,1.03,21,1647716495,1647760192,100
Wanxian,1791748,CN,108.3897,30.8039,21.32,21.44,21.32,21.32,1004,74,10000,4.21,69,1647643929,1647687394,54
Westport,4845585,US,-73.3579,41.1415,11.56,11.3,9.32,14.02,1011,97,5731,0.89,122,1647687510,1647731032,100
Krasnyy Chikoy,2012349,RU,108.7512,50.3643,-17.97,-17.97,-17.97,-17.97,1030,99,10000,1.28,251,1647643863,1647687285,34
Alice Springs,2077895,AU,133.8833,-23.7,24.75,24.14,24.75,24.75,1014,33,10000,2.06,100,1647637650,1647681438,5
Sabang,1214026,ID,95.3214,5.8933,28.32,32.08,28.32,28.32,1007,75,10000,10.45,216,1647647013,1647690580,100
Binga,895057,ZW,27.3414,-17.6203,26.46,26.46,26.46,26.46,1012,59,10000,1.35,21,1647663253,1647706964,93
Stann Creek Town,3582228,BZ,-88.2321,16.9692,26.62,26.62,26.62,26.62,1015,84,8229,5.66,84,1647691067,1647734614,100
George Town,1735106,MY,100.3354,5.4112,29.97,36.97,29.96,29.97,1006,81,8000,2.57,10,1647645809,1647689378,20
La Santisima Trinidad,3902377,BO,-64.9,-14.8333,27.99,33.54,27.99,27.99,1014,89,10000,1.54,170,1647685404,1647729080,40
Cam Ranh,1586350,VN,109.1591,11.9214,25.98,25.98,25.98,25.98,1009,89,10000,1.03,0,1647643708,1647687245,0
Ocós,3592086,GT,-92.1933,14.5094,26.1,26.1,26.1,26.1,1012,73,10000,3.33,322,1647692014,1647735567,0
Bubaque,2374583,GW,-15.8333,11.2833,25.39,25.37,25.39,25.39,1009,53,10000,5.56,268,1647673692,1647717245,66
Bethel,5282297,US,-73.414,41.3712,11.49,11.15,8.62,13.06,1010,94,402,3.09,0,1647687524,1647731046,100
Los Llanos de Aridane,2514651,ES,-17.9182,28.6585,16.74,16.11,16.74,16.86,1018,63,10000,4.12,30,1647674214,1647717723,75
Mehamn,778707,NO,27.8492,71.0357,2.39,-4.61,2.39,2.39,1009,77,10000,16.12,291,1647663197,1647706777,100
Codrington,2171099,AU,141.9667,-38.2667,15.9,15.43,15.9,15.9,1015,72,10000,1.14,310,1647722068,1647765903,32
Hōfu,1862302,JP,131.5667,34.05,6.2,3.44,6.2,6.2,1013,78,10000,3.81,338,1647638376,1647681824,93
Antúnez,4018430,MX,-102.2,19.0167,19.98,19.03,19.98,19.98,1015,38,10000,0.11,80,1647694419,1647737964,0
Port Hedland,2063042,AU,118.5667,-20.3167,30.03,37.03,30.03,30.03,1010,79,10000,2.57,280,1647641344,1647685094,3
Ambon City,1651531,ID,128.1814,-3.6954,25.08,26.1,25.08,25.08,1009,94,8000,2.06,20,1647639101,1647682723,75
São Pedro do Sul,3448332,BR,-54.1789,-29.6206,17.36,16.98,17.36,17.36,1021,70,10000,3.86,163,1647682770,1647726569,100
Bengkulu,1649150,ID,102.2655,-3.8004,25.69,26.56,25.69,25.69,1009,86,10000,1.7,343,1647645320,1647688941,99
Valdivia,3868707,CL,-73.2459,-39.8142,10.05,8.49,10.05,10.05,1017,53,10000,1.05,113,1647687286,1647731203,100
Panguna,2088659,PG,155.4848,-6.3164,20.99,21.55,20.99,20.99,1009,92,10000,0.94,69,1647718932,1647762552,80
Moctezuma,3995647,MX,-109.6667,29.8,12.78,10.58,12.78,12.78,1018,18,10000,2.01,23,1647696216,1647739751,0
Ambilobe,1082243,MG,49.05,-13.2,26.42,26.42,26.42,26.42,1009,90,10000,2.44,288,1647658060,1647701740,71
Henties Bay,3356832,NA,14.2845,-22.116,21.3,21.34,21.3,21.3,1011,71,10000,4.45,196,1647666369,1647710114,7
Maniitsoq,3421982,GL,-52.9,65.4167,-17.95,-23.58,-17.95,-17.95,1015,87,2875,2.11,174,1647682555,1647726170,100
Cururupu,3401148,BR,-44.8683,-1.8283,24.36,25.33,24.36,24.36,1013,95,10000,1.74,262,1647680632,1647724239,100
Hulja,590854,EE,26.2179,59.3522,4.24,2.51,4.24,4.24,1047,87,10000,1.97,267,1647663632,1647707124,45
San Cristobal,3628473,VE,-72.225,7.7669,21.1,20.65,21.1,21.1,1015,53,10000,2.7,143,1647687215,1647730784,98
Along,1278969,IN,94.7667,28.1667,23.01,22.49,23.01,23.01,1006,43,10000,0.55,339,1647647191,1647690669,5
Nome,5870133,US,-165.4064,64.5011,-16.96,-23.96,-16.96,-16.96,1019,60,10000,4.12,280,1647709493,1647753223,0
Ugoofaaru,1337619,MV,73,5.6667,28.54,32.41,28.54,28.54,1009,74,10000,7.35,287,1647652368,1647695937,0
Yeppoon,2142316,AU,150.7333,-23.1333,22.88,22.97,22.88,22.88,1012,67,10000,6.79,132,1647720030,1647763735,92
Coos Bay,5720495,US,-124.2179,43.3665,8.68,5.69,8.29,8.99,1015,94,10000,5.66,320,1647699700,1647743250,100
Mount Isa,2065594,AU,139.5,-20.7333,26.87,26.3,26.87,26.87,1010,29,10000,2.57,180,1647722734,1647766421,75
Mbanza-Ngungu,2312888,CD,14.8667,-5.25,28.4,30.59,28.4,28.4,1007,64,10000,2.15,221,1647666289,1647709915,24
Olafsvik,3414079,IS,-23.7142,64.8945,0.18,-5.15,0.18,0.18,1005,92,1651,5.86,29,1647675571,1647719148,100
Szczytno,757357,PL,20.9875,53.5626,8.96,7.21,8.96,8.96,1044,29,10000,3.09,90,1647664892,1647708374,0
Comodoro Rivadavia,3860443,AR,-67.5,-45.8667,9.92,9.05,9.92,9.92,1029,53,10000,2.06,0,1647685855,1647729876,75
Paita,3694112,PE,-81.1144,-5.0892,23.91,24.18,23.91,23.91,1013,70,10000,5.29,142,1647689322,1647732943,97
Oussouye,2246901,SN,-16.5469,12.485,36.1,34.8,36.1,36.1,1009,23,10000,5.13,317,1647673865,1647717414,5
Lerwick,2644605,GB,-1.1494,60.1545,9,4.96,9,9,1040,79,10000,9.66,177,1647670185,1647713705,63
Svay Rieng,1821993,KH,105.7993,11.0879,28.16,30.18,28.16,28.16,1008,64,10000,6.29,142,1647644512,1647688053,93
Vitim,2013375,RU,112.5578,59.4511,-9.82,-16.82,-9.82,-9.82,1015,93,287,4.93,208,1647642953,1647686369,100
Santa Rosa,1687894,PH,121.1114,14.3122,28.93,33.52,27.84,28.99,1010,75,10000,4.13,102,1647640846,1647684371,63
Burriana,2520709,ES,-0.085,39.889,12.61,12.35,12.29,14.42,1025,93,10000,5.63,24,1647669945,1647713434,100
Pokaran,1259460,IN,71.9167,26.9167,32.16,29.9,32.16,32.16,1002,10,10000,4.54,220,1647652669,1647696157,0
Narsaq,3421719,GL,-46.05,60.9167,-5.88,-5.88,-5.88,-5.88,1011,70,10000,1.19,4,1647680935,1647724502,80
Ancud,3899695,CL,-73.8203,-41.8697,11.46,10.36,11.46,11.46,1018,65,10000,1.7,113,1647687408,1647731356,100
Beruwala,1249931,LK,79.9828,6.4788,26.32,26.32,26.32,26.32,1008,83,10000,3.71,271,1647650695,1647694260,26
Atar,2381334,MR,-13.0499,20.5169,31.42,29.28,31.42,31.42,1010,13,10000,2.78,298,1647673038,1647716563,0
Manokwari,1636308,ID,134.0833,-0.8667,26.91,29.37,26.91,26.91,1009,78,10000,0.83,217,1647637694,1647681298,95
Saltabarranca,3520026,MX,-95.5333,18.6,22.78,23.41,22.78,22.78,1017,88,10000,6.47,360,1647692820,1647736364,100
Kimbe,2093967,PG,150.1429,-5.5502,26.3,26.3,26.3,26.3,1008,88,10000,0.27,213,1647720216,1647763832,93
Teguise,2510573,ES,-13.564,29.0605,21.12,20.41,21.12,21.12,1016,43,10000,5.14,10,1647673171,1647716677,20
Leningradskiy,2123814,RU,178.4167,69.3833,-23.51,-30.51,-23.51,-23.51,1024,73,10000,3.22,165,1647713314,1647757166,6
Satipo,3928924,PE,-74.6386,-11.2522,26.96,27.96,26.96,26.96,1015,59,10000,0.96,64,1647687752,1647731405,100
Manicoré,3663503,BR,-61.3003,-5.8092,26.75,29.94,26.75,26.75,1013,89,10000,1.89,71,1647684565,1647728191,100
Abhā,110690,SA,42.5053,18.2164,20.14,19.41,19.9,20.14,1023,46,10000,5.14,210,1647659709,1647703231,20
Río Bueno,3873145,CL,-72.9667,-40.3167,8.08,8.08,8.08,8.08,1018,61,10000,0.49,209,1647687215,1647731140,100
Bac Lieu,1591474,VN,105.7244,9.285,27.87,31.07,27.87,27.87,1008,75,10000,4.6,113,1647644526,1647688075,100
Tual,1623197,ID,132.75,-5.6667,29.49,33.83,29.49,29.49,1008,70,10000,2.83,219,1647637998,1647681633,87
Yerbogachën,2012956,RU,108.0108,61.2767,-7.99,-14.91,-7.99,-7.99,1009,94,188,5,242,1647644041,1647687463,100
Sørland,3137469,NO,12.6934,67.667,6.85,0.59,6.85,6.85,1026,90,10000,17.57,238,1647666843,1647710403,100
Pimentel,3693584,PE,-79.9342,-6.8367,19.16,19.43,19.16,19.16,1014,88,10000,4.12,170,1647689034,1647732664,100
Arrondissement de Narbonne,2990918,FR,2.8333,43.0833,12.15,10.52,10.13,14.69,1028,42,10000,3.12,134,1647669246,1647712732,100
Talnakh,1490256,RU,88.3972,69.4865,-11.55,-17.21,-11.55,-11.55,1001,96,174,2.87,267,1647648721,1647692196,100
Rāvar,118704,IR,56.8055,31.2656,17.41,15.55,17.41,17.41,1014,13,10000,2.59,3,1647656299,1647699779,0
Clarence Town,2171465,AU,151.7833,-32.5833,18.04,18.09,15.34,19.36,1018,84,10000,1.3,266,1647719741,1647763520,82
Doha,290030,QA,51.5333,25.2867,23.97,23.02,23.94,24.17,1014,23,10000,5.66,310,1647657555,1647701052,0
Amahai,1651591,ID,128.9167,-3.3333,26.76,29.54,26.76,26.76,1009,84,10000,1.29,26,1647638926,1647682545,91
Kumul,1529484,CN,93.45,42.8,9.01,5.87,9.01,9.01,1017,29,10000,6.35,36,1647647525,1647690967,100
Itarema,3393692,BR,-39.9167,-2.9248,29.67,33.39,29.67,29.67,1011,66,10000,4.01,107,1647679441,1647723053,94
Strezhevoy,1490796,RU,77.5889,60.7333,-1.06,-6.33,-1.06,-1.06,1020,93,3001,5.15,245,1647651327,1647694776,100
Skjeberg,3138955,NO,11.2,59.2333,8.09,5.77,7.32,12.22,1048,59,10000,3.78,210,1647667229,1647710734,6
Tiksi,2015306,RU,128.8694,71.6872,-13.79,-20.79,-13.79,-13.79,1003,78,10000,11.31,209,1647639033,1647682461,100
Esna,355449,EG,32.554,25.2934,27.7,26.39,27.7,27.7,1013,11,10000,6.12,326,1647662107,1647705609,0
Rawson,3839307,AR,-65.1023,-43.3002,12.99,11.73,12.99,12.99,1027,53,10000,6.7,134,1647685303,1647729278,60
Campo Maior,3403566,BR,-42.1686,-4.8278,30.7,34.94,30.7,30.7,1012,63,10000,0.86,108,1647679977,1647723598,67
Muravlenko,1540711,RU,74.523,63.7898,-3.17,-9.99,-3.17,-3.17,1013,94,10000,7,252,1647652057,1647695518,100
Itigi,158904,TZ,34.4833,-5.7,23.05,23.55,23.05,23.05,1010,82,10000,1.58,75,1647661580,1647705210,100
Pangnirtung,6096551,CA,-65.7125,66.1451,-32,-32,-32,-32,1017,75,10000,0,0,1647685617,1647729256,0
Ketchikan,5554428,US,-131.6461,55.3422,2.26,-1.58,2.26,2.99,1005,93,10000,4.12,150,1647701457,1647745058,40
Bandarbeyla,64814,SO,50.8122,9.4942,26.84,28.15,26.84,26.84,1012,64,10000,5.17,69,1647657700,1647701253,0
Dickinson,4686163,US,-95.0513,29.4608,13.94,13.32,11.72,16.08,1023,74,10000,0.45,345,1647692712,1647736242,0
Phra Phutthabat,1607512,TH,100.7954,14.7253,30.54,34.59,29.87,32.02,1004,63,10000,1.37,225,1647645721,1647689246,76
Staraya Russa,489088,RU,31.3608,57.9944,3.88,2.55,3.88,3.88,1046,85,10000,1.59,279,1647662402,1647705886,10
Tchibanga,2396253,GA,11.0333,-2.85,29.47,32.77,29.47,29.47,1007,65,10000,2.62,155,1647667215,1647710828,88
Northam,2641434,GB,-4.2167,51.0333,12.36,11.43,12.36,13.7,1030,68,10000,11.55,116,1647670933,1647714428,0
Liverpool,2644210,GB,-2.9779,53.4106,15.72,14.57,14.18,17.21,1034,47,10000,7.72,110,1647670634,1647714133,0
Altay,1529651,CN,88.1167,47.8667,-8.4,-13.86,-8.4,-8.4,1032,78,10000,3.24,24,1647648807,1647692244,28
Lethem,3379316,GY,-59.7968,3.3803,27.3,29.18,27.3,27.3,1014,68,10000,4.22,66,1647684225,1647727810,99
Vila Velha,3445026,BR,-40.2925,-20.3297,29.97,34.49,29.97,30.97,1015,68,10000,2.57,50,1647679478,1647723197,40
Te Anau,2181625,NZ,167.7167,-45.4167,9.84,9.84,9.84,9.84,1015,95,10000,0.39,115,1647715835,1647759780,25
Dillon,4576653,US,-79.3712,34.4166,20.25,20.34,19.05,21.81,1015,77,10000,7.01,225,1647688953,1647732475,53
Sava,3167044,IT,17.5584,40.4034,10.95,9.72,9.36,11.16,1030,62,10000,1.54,70,1647665716,1647709196,0
Salinópolis,3389822,BR,-47.3561,-0.6136,24.37,25.32,24.37,24.37,1013,94,10000,2.61,225,1647681232,1647724833,100
Costineşti,680546,RO,28.6333,43.95,4.58,-0.35,4.48,4.58,1040,49,10000,7.94,29,1647663062,1647706535,80
Ust-Nera,2120048,RU,143.2,64.5667,-19.06,-19.06,-19.06,-19.06,1023,100,486,1.03,174,1647721796,1647765584,100
Touros,3386213,BR,-35.4608,-5.1989,30.03,33.09,30.03,30.03,1011,61,10000,4.84,121,1647678366,1647721990,100
Aklavik,5882953,CA,-135.0107,68.2191,-23,-30,-23,-23,1019,70,10000,4.63,320,1647702184,1647745945,100
Totness,3382867,SR,-56.3167,5.8833,27.08,29.63,27.08,27.08,1014,77,10000,5.23,64,1647683395,1647726970,31
Ostrovnoy,556268,RU,39.5131,68.0531,1.79,-5.21,1.79,1.79,1009,91,10000,14.67,251,1647660423,1647703953,100
Yar-Sale,1486321,RU,70.8333,66.8333,-2.28,-8.66,-2.28,-2.28,1005,86,10000,6.61,273,1647652933,1647696413,100
Vanimo,2084442,PG,141.3028,-2.6741,27.28,30.6,27.28,27.28,1009,82,10000,2.42,73,1647722342,1647765948,97
Bekwai,2303224,GH,-1.5774,6.4534,33.49,36.4,33.49,33.49,1007,47,10000,2.44,163,1647670263,1647713833,69
Wenling,1791464,CN,121.36,28.3669,11.47,10.94,11.47,11.47,1019,87,10000,4.58,39,1647640814,1647684284,98
Batemans Bay,2176639,AU,150.1833,-35.7167,15.24,15.07,15.24,15.24,1019,86,10000,1.86,260,1647720109,1647763919,81
Mama,2020313,RU,112.8986,58.3106,-11.7,-16.66,-11.7,-11.7,1019,97,366,2.35,201,1647642872,1647686287,100
Novo Aripuanã,3663142,BR,-60.3797,-5.1206,28.62,32.25,28.62,28.62,1013,72,10000,1.9,65,1647684346,1647727968,98
Shingū,1847947,JP,135.9833,33.7333,8.92,7.08,8.92,8.92,1007,79,10000,3.23,296,1647637317,1647680764,7
San Joaquin,5392126,US,-121.3011,37.9333,12.61,11.55,10.82,13.53,1015,62,10000,3.6,280,1647699005,1647742545,0
Champagnole,3027235,FR,5.9135,46.7445,12.47,11.13,12.42,12.82,1027,52,10000,1.57,343,1647668508,1647711993,95
Padang,1633419,ID,100.3543,-0.9492,26.39,26.39,26.39,26.39,1010,80,10000,0.6,108,1647645787,1647689391,99
Panama City,3703443,PA,-79.5197,8.9936,29.22,33.02,26.36,30.65,1013,69,9000,5.66,360,1647688967,1647732533,40
Inuvik,5983607,CA,-133.7218,68.3499,-23.52,-30.52,-23.58,-23.52,1018,77,10000,4.12,330,1647701875,1647745636,100
Abu Samrah,172515,SY,37.1841,35.3029,7.22,3.63,7.22,7.22,1018,51,10000,6.24,284,1647661007,1647704486,68
Naryan-Mar,523392,RU,53.087,67.6713,-2.49,-9.49,-2.49,-2.49,1014,84,10000,8.54,252,1647657177,1647700685,8
Nakusp,6085665,CA,-117.8023,50.2499,1.19,1.19,1.19,1.19,1011,100,432,0,0,1647698153,1647741719,100
Bonavista,5905393,CA,-53.1147,48.6499,-2.69,-9.69,-2.69,-2.69,1017,67,10000,12.6,334,1647682653,1647726175,55
Lyuban',625721,BY,28.0048,52.7985,5.67,3,5.67,5.67,1045,35,10000,3.46,32,1647663211,1647706687,0
‘Āhuimanu,5856516,US,-157.8378,21.4447,22.86,23.34,21.55,23.44,1019,82,10000,3.6,50,1647707766,1647751318,40
Belmonte,3470137,BR,-38.8828,-15.8631,28.31,30.7,28.31,28.31,1015,66,10000,1.95,150,1647679156,1647722842,8
Chicama,3698359,PE,-79.1469,-7.8447,17.3,16.86,17.3,17.3,1013,68,10000,2.23,196,1647688843,1647732478,100
Cabadiangan,1722028,PH,122.4739,9.7531,27.41,30.33,27.41,27.41,1009,77,10000,1.21,41,1647640509,1647684055,87
Fukuechō,1863997,JP,128.8419,32.6881,10.13,8.77,10.13,10.13,1015,60,10000,7.87,330,1647639027,1647682480,81
Peniche,2264923,PT,-9.3811,39.3558,20,19.52,19.69,20.72,1018,56,10000,0.89,299,1647672174,1647715667,66
Kandi,2393693,BJ,2.9386,11.1342,40.89,37.67,40.89,40.89,1005,9,10000,1.55,102,1647669188,1647712740,98
Visby,2662689,SE,18.296,57.6409,7.12,5.36,7.12,9.34,1048,53,10000,2.57,310,1647665532,1647709026,0
Nizwá,286987,OM,57.5333,22.9333,28.45,26.96,28.45,28.45,1009,14,10000,2.77,311,1647656113,1647699616,0
Araouane,2460954,ML,-3.5265,18.9048,34.05,31.5,34.05,34.05,1008,9,10000,2.81,1,1647670752,1647714279,0
Yandyki,469151,RU,47.1258,45.7691,2.59,-1.84,2.59,2.59,1036,30,10000,5.32,56,1647658630,1647702092,3
Kabanjahe,1214965,ID,98.4908,3.1001,18.25,18.59,18.25,18.25,1011,94,10000,1.97,221,1647646246,1647689827,100
Pachino,6539213,IT,15.0907,36.7186,11.86,11.14,11.86,11.86,1024,78,10000,13.51,106,1647666306,1647709791,100
Nishihara,1855342,JP,127.7558,26.1842,18.6,18.53,18.6,18.81,1014,77,10000,4.12,360,1647639277,1647682752,100
Saint-Augustin,6137462,CA,-58.6502,51.226,-7.49,-14.49,-7.49,-7.49,1024,74,10000,6.35,331,1647683977,1647727508,4
Horní Jiřetín,3075356,CZ,13.5472,50.5731,6.66,2.89,5.76,9.86,1037,34,10000,6.29,86,1647666677,1647710160,94
Lompoc,5367788,US,-120.4579,34.6391,10.3,9.58,9.08,11.23,1016,84,10000,0.89,2,1647698804,1647742342,40
Tiarei,4033356,PF,-149.3333,-17.5333,25.01,25.47,25.01,25.01,1014,73,10000,7.5,121,1647705661,1647749342,17
Srandakan,1626493,ID,110.2506,-7.9386,25.55,26.46,25.55,25.55,1009,88,10000,2.15,276,1647643390,1647687039,100
Ambulu,1621313,ID,113.6058,-8.345,25.11,26,25.11,25.11,1009,89,10000,1,319,1647642583,1647686236,100
São Félix do Xingu,3388847,BR,-51.995,-6.6447,28.95,31.74,28.95,28.95,1013,65,10000,1.08,13,1647682330,1647725960,77
Willowmore,939676,ZA,23.4895,-33.2926,28.89,27.63,28.89,28.89,1016,27,10000,1.79,115,1647664100,1647707966,45
Najrān,103630,SA,44.1277,17.4924,25.36,24.34,25.36,25.36,1010,15,10000,6.63,84,1647659319,1647702842,83
Mamlyutka,1521153,KZ,68.5394,54.9375,-12.28,-19.23,-12.28,-12.28,1035,96,10000,3.86,224,1647653499,1647696948,36
Poum,2138555,NC,164.0167,-20.2333,24.44,25.39,24.44,24.44,1005,94,3815,6.23,79,1647716851,1647760539,100
Bosaso,64013,SO,49.1816,11.2842,27.09,28.43,27.09,27.09,1011,63,10000,3.83,19,1647658095,1647701641,0
Mahanoro,1062553,MG,48.8,-19.9,24.66,25.51,24.66,24.66,1011,89,10000,5.76,186,1647658093,1647701826,100
Alofi,4036284,NU,-169.9187,-19.0595,25.94,26.91,25.94,25.94,1013,89,10000,1.54,20,1647710598,1647754284,100
Santa Vitória do Palmar,3449747,BR,-53.3681,-33.5189,19.29,18.48,19.29,19.29,1021,46,10000,6.27,175,1647682554,1647726396,50
Ulladulla,2145554,AU,150.4667,-35.35,18.5,18.47,18.5,18.5,1019,79,10000,2.72,232,1647720043,1647763849,100
Tessalit,2449893,ML,1.0114,20.1986,33.89,31.36,33.89,33.89,1008,9,10000,3.25,341,1647669665,1647713188,0
Palmer,4946620,US,-72.3287,42.1584,10.76,10.14,8.04,12.89,1013,86,10000,0.89,124,1647687263,1647730785,100
Ixtapa,4004293,MX,-105.2,20.7,12.57,12.02,12.57,16.79,1014,82,10000,2.57,40,1647695140,1647738683,40
Denpasar,1645528,ID,115.2167,-8.65,25.4,26.45,25.4,25.81,1007,94,10000,2.57,250,1647642196,1647685850,40
Priiskovyy,2017632,RU,116.6333,51.9333,-14.92,-14.92,-14.92,-14.92,1021,97,10000,0.92,159,1647641976,1647685391,100
Coyhaique,3894426,CL,-72.0662,-45.5752,6.97,5.18,6.97,9.34,1024,70,10000,2.57,210,1647686955,1647730968,75
La Ronge,6050066,CA,-105.2842,55.1001,-5.86,-5.86,-5.88,-5.86,1012,79,10000,1.03,250,1647695142,1647738722,0
Udachny,2014624,RU,112.4,66.4167,-13.08,-20.08,-13.08,-13.08,999,84,1104,4.22,188,1647642985,1647686413,100
Batken,1463580,KG,71,39.8333,-5.28,-5.28,-5.28,-5.28,1029,88,8514,0.84,145,1647652904,1647696361,99
Umm Kaddadah,364933,SD,26.6876,13.6017,33.34,30.98,33.34,33.34,1007,5,10000,3.84,35,1647663496,1647707035,1
Sterling,4787534,US,-77.4286,39.0062,17.54,17.31,16.25,19.06,1011,75,10000,7.2,200,1647688487,1647732009,75
Batabanó,3567655,CU,-82.2881,22.7164,27.07,28.48,27.07,27.34,1019,64,10000,3.96,94,1647689647,1647733181,0
Shimoda,1852357,JP,138.95,34.6667,8.95,5.71,8.95,8.95,1003,71,10000,6.6,270,1647636607,1647680050,5
Brae,2654970,GB,-1.353,60.3964,9.26,5.52,9.26,9.26,1040,73,10000,8.75,175,1647670233,1647713755,50
Serenje,898912,ZM,30.2352,-13.2325,19.88,20.09,19.88,19.88,1012,83,10000,3.89,129,1647662575,1647706253,100
Saint Anthony,5044290,US,-93.218,45.0205,-2.7,-6.83,-3.95,-1.53,1014,93,9656,3.09,320,1647692268,1647735805,100
Laas,3175096,IT,10.7002,46.6166,13.06,12.77,10.76,14.49,1026,90,2016,1.18,210,1647667361,1647710843,98
Cruzeiro do Sul,3465080,BR,-51.9853,-29.5128,18.33,18.67,18.05,19.43,1020,94,10000,2.26,210,1647682244,1647726042,100
Nouakchott,2377450,MR,-15.9785,18.0858,31.96,33.18,31.96,31.96,1011,45,10000,5.57,313,1647673737,1647717269,73
Kenai,5866063,US,-151.2583,60.5544,-1.3,-4.64,-2.14,0.08,995,89,10000,2.57,20,1647706132,1647749795,20
Ballina,2177069,AU,153.5667,-28.8667,19.54,20.13,19.1,19.88,1015,99,10000,7.51,179,1647719329,1647763076,99
Goderich,5962442,CA,-81.7165,43.7501,7.17,4.46,6.06,7.73,1001,93,3562,4.12,140,1647689513,1647733041,100
Kŭlob,1221194,TJ,69.783,37.9145,9.42,7.29,9.42,9.42,1023,81,10000,4,220,1647653194,1647696655,100
Dalbandin,1180729,PK,64.4101,28.8947,25.74,24.71,25.74,25.74,1009,13,10000,4.82,62,1647654472,1647697956,0
Praia,3374333,CV,-23.5087,14.9215,25.3,25.19,25.3,25.3,1015,50,4800,9.77,30,1647675539,1647719081,40
Shirokiy,2016680,RU,129.523,49.758,-16.22,-22.7,-16.22,-16.22,1021,94,10000,2.8,346,1647638885,1647682295,54
Pacific Grove,5380437,US,-121.9166,36.6177,9.69,8.78,8.23,11.06,1016,87,10000,2.06,280,1647699153,1647742692,75
Malatya Province,304919,TR,38,38.5,-0.97,-7.25,-0.97,-0.97,1016,51,10000,7.2,320,1647660814,1647704288,75
Fairbanks,5861897,US,-147.7164,64.8378,-15.62,-15.62,-17,-14.45,1002,78,10000,0,0,1647705256,1647748971,100
Gaya,1271439,IN,85,24.7833,27.95,30.44,27.95,27.95,1003,69,3000,0,0,1647649528,1647693019,9
Villa del Rosario,3665913,CO,-72.4742,7.8339,24.21,24.98,24.21,24.21,1016,88,6000,2.06,350,1647687274,1647730844,40
Angoche,1052944,MZ,39.9086,-16.2325,25.19,26.22,25.19,25.19,1010,94,10000,5.21,225,1647660242,1647703944,100
Katherine,2068655,AU,132.2667,-14.4667,27.18,29.54,27.18,27.18,1007,74,10000,0,0,1647638081,1647681782,54
Kidal,2455290,ML,1.4078,18.4411,36.62,33.69,36.62,36.62,1007,8,10000,4.63,223,1647669567,1647713095,5
Lianyuan,1804451,CN,111.6642,27.6883,14.19,13.86,14.19,14.19,1012,84,10000,3.34,8,1647643138,1647686613,100
São Raimundo Nonato,3388145,BR,-42.6994,-9.0153,30.32,30.74,30.32,30.32,1013,45,10000,3.01,101,1647680093,1647723737,100
Rosignol,3376223,GY,-57.5333,6.2833,26.63,26.63,26.63,26.63,1015,83,7060,3.67,67,1647683687,1647727261,14
Anchorage,5879400,US,-149.9003,61.2181,-0.51,-3.13,-2.01,2.04,994,78,10000,2.06,80,1647705803,1647749472,20
Harindānga,1349090,IN,88.3214,22.0383,25.5,25.72,25.5,25.5,1005,62,10000,4.21,190,1647648727,1647692226,6
Olavarría,3842670,AR,-60.3225,-36.8927,16.12,15.2,16.12,16.12,1033,54,10000,2.79,313,1647684203,1647728084,31
Voznesen'ye,471160,RU,35.4781,61.0106,1.1,-3.16,1.1,1.1,1041,96,10000,4.35,251,1647661411,1647704901,86
Māngrol,1263752,IN,70.1167,21.1167,26.1,26.1,26.1,26.1,1007,70,10000,5.53,289,1647653092,1647696598,1
Noumea,2139521,NC,166.4572,-22.2763,23.99,24.61,23.99,23.99,1006,83,10000,2.27,81,1647716258,1647759960,100
Stonewall,6157355,CA,-97.3268,50.1344,-0.88,-4.71,-4.13,1.51,1013,92,10000,3.17,317,1647693246,1647736799,100
Hasaki,2112802,JP,140.8333,35.7333,6.22,1.18,5.16,6.22,1003,88,10000,10.09,11,1647636157,1647679596,100
Province of Mantua,3174050,IT,10.7833,45.1667,14.78,13.28,13.53,15.75,1031,37,10000,5.81,105,1647667341,1647710823,23
Cabinda,2243271,AO,12.2,-5.55,29.08,34.74,29.08,29.08,1008,79,10000,3.6,240,1647666928,1647710556,75
Charters Towers,2171722,AU,146.2667,-20.1,23,23.34,23,23,1011,76,10000,5.22,55,1647721112,1647764796,16
Kushiro,2129376,JP,144.3747,42.975,-1.17,-8,-1.17,-1.17,995,77,10000,8.39,341,1647635318,1647678735,100
Flinders,6255012,AU,150.8552,-34.5833,17.35,17.33,17.25,18.6,1019,84,10000,3.51,236,1647719954,1647763752,72
Östersund,2685750,SE,14.6357,63.1792,9.25,8.75,9.23,9.25,1040,46,10000,1.54,270,1647666396,1647709918,99
Batagay-Alyta,2027042,RU,130.4114,67.8006,-30.85,-37.85,-30.85,-30.85,1017,84,10000,3.41,268,1647638672,1647682082,1
Cherdyn',569359,RU,56.4787,60.403,-0.17,-3.29,-0.17,-0.17,1028,90,10000,2.56,263,1647656383,1647699851,90
Olinda,3393536,BR,-34.8553,-8.0089,29.85,33.78,29.85,29.85,1012,66,10000,4.63,150,1647678213,1647721852,40
Kot Addu,1173378,PK,70.9671,30.4692,30.51,28.78,30.51,30.51,1002,23,10000,4.39,13,1647652902,1647696380,0
Coruripe,3465329,BR,-36.1756,-10.1256,29.31,32.09,29.31,29.31,1012,63,10000,3.91,142,1647678524,1647722175,97
Purpe,1539210,RU,76.6897,64.4803,-2.04,-8.42,-2.04,-2.04,1011,91,10000,6.75,252,1647651537,1647694998,100
Burnie,2173125,AU,145.9167,-41.0667,16.58,16.3,16.58,16.58,1019,77,10000,4.33,69,1647721103,1647764974,83
Capreol,5959803,CA,-80.9225,46.706,1.13,-4.75,1.06,1.97,1007,96,10000,7.72,40,1647689320,1647732853,100
Neuquén,3843123,AR,-68.0591,-38.9516,15.94,14.92,15.94,15.94,1021,51,10000,4.12,140,1647686046,1647729953,0
Taquarituba,3446752,BR,-49.2444,-23.5331,26,26,26,26,1015,79,5506,2.25,238,1647681613,1647725357,51
Terrace,6162949,CA,-128.6035,54.5163,0.95,-3.81,0.95,0.95,1005,100,10000,5.14,190,1647700730,1647744324,75
Semeykino,694579,UA,39.5337,48.3264,0.28,-5.23,0.28,0.28,1039,38,10000,6.28,50,1647660450,1647703916,2
San Juan,3837213,AR,-68.5364,-31.5375,20.03,18.92,20.03,20.03,1019,32,10000,2.09,62,1647686207,1647730022,84
Aykhal,2027296,RU,111.5,66,-12.28,-19.28,-12.28,-12.28,999,95,544,5.73,210,1647643201,1647686629,100
Chattanooga,4612862,US,-85.3097,35.0456,10.79,9.91,9,11.92,1015,76,10000,4.12,220,1647690377,1647733901,100
Port Lincoln,2063036,AU,135.8667,-34.7333,18.88,19.1,18.88,18.88,1016,87,10000,4.39,181,1647723552,1647767347,74
Zadar,3186952,HR,15.2422,44.1197,15.34,13.37,15.34,15.34,1031,17,10000,6.17,240,1647666272,1647709752,0
Lavrentiya,4031637,RU,-171,65.5833,-24,-31,-24,-24,1027,80,10000,3.37,324,1647796996,1647841168,16
Joshīmath,1268814,IN,79.5667,30.5667,16.37,15.79,16.37,16.37,1016,66,10000,0.37,319,1647650840,1647694315,92
Río Gallegos,3838859,AR,-69.2181,-51.6226,10.03,8.21,10.03,10.03,1023,43,10000,8.75,350,1647686206,1647730350,20
Okhotsk,2122605,RU,143.3,59.3833,-7.3,-12.35,-7.3,-7.3,1020,96,165,3.07,63,1647721812,1647765520,100
Chapais,5919850,CA,-74.8492,49.7834,-6.12,-12.01,-6.12,-6.12,1019,75,10000,4.25,110,1647687860,1647731398,100
Longjiang,2035970,CN,123.1836,47.3303,-5.48,-5.48,-5.48,-5.48,1019,70,10000,0.52,159,1647640402,1647683820,100
Aripuanã,3665202,BR,-60.6333,-9.1667,25.25,26,25.25,25.25,1013,83,10000,1.12,94,1647684396,1647728040,99
La Rochelle,3006787,FR,-1.15,46.1667,18.04,17.15,18.04,18.04,1026,48,10000,3.6,140,1647670201,1647713689,0
College,5859699,US,-147.8028,64.8569,-15.57,-15.57,-17.01,-14.45,1002,78,10000,0,0,1647705276,1647748992,75
Monrovia,2274895,LR,-10.7969,6.3005,28.43,32,28.43,28.43,1009,73,10000,4.79,260,1647672474,1647716045,97
Boddam,2655288,GB,-1.7833,57.4667,9.83,6.09,9.8,11.91,1041,80,10000,9.51,171,1647670342,1647713852,86
Kambove,923058,CD,26.5969,-10.8764,23.05,23.29,23.05,23.05,1010,72,10000,0.94,62,1647663456,1647707118,85
Jos,2335953,NG,8.9,9.9167,33.14,30.74,33.14,33.14,1007,8,10000,3.45,70,1647667756,1647711311,61
Makakilo City,5850554,US,-158.0858,21.3469,21.53,21.72,20.9,22.78,1019,76,10000,3.6,50,1647707825,1647751378,0
Breves,3404817,BR,-50.4803,-1.6822,22.96,23.87,22.96,22.96,1014,98,10000,1.01,152,1647681979,1647725585,100
Loreto,3998291,MX,-101.9667,22.2667,11.15,10.36,11.15,11.15,1019,78,10000,1.53,98,1647694366,1647737906,0
Yārāda,1252783,IN,83.2667,17.65,27.18,29.07,27.18,27.18,1006,69,4500,1.03,0,1647649931,1647693448,20
Nānākuli,5851349,US,-158.1547,21.3906,22.19,22.37,21.69,23.58,1019,73,10000,2.57,30,1647707842,1647751394,0
Taunggyi,1293960,MM,97.0333,20.7833,20.54,19.62,20.54,20.54,1008,37,10000,0.48,217,1647646635,1647690137,40
Baker City,5712169,US,-117.8344,44.7749,0.53,-1.21,-0.16,6.47,1010,86,10000,1.54,90,1647698169,1647741718,20
Mortka,1498402,RU,66.0214,59.3322,0.6,-3.16,0.6,0.6,1024,89,10000,3.46,245,1647654099,1647697556,100
Avera,4231997,US,-82.5271,33.194,17.79,18.13,17.53,18.54,1015,96,10000,5.57,206,1647689709,1647733233,100
Andenes,3163146,NO,16.1194,69.3143,4.99,-0.22,4.99,4.99,1020,81,8000,9.26,260,1647666014,1647709588,75
Mumford,2297810,GH,-0.759,5.2618,29.29,33.57,29.29,29.29,1008,71,10000,5.23,213,1647670064,1647713639,25
Tucano,3445983,BR,-38.7867,-10.9631,31.7,31.53,31.7,31.7,1013,38,10000,2.98,131,1647679148,1647722804,67
Yuancheng,1786110,CN,107.7896,36.652,7.42,5.52,7.42,7.42,1012,40,10000,2.84,203,1647644081,1647687530,73
Voh,2137748,NC,164.7,-20.9667,23.47,24.41,23.47,23.47,1006,97,8538,0.8,87,1647716684,1647760378,100
Elbistan,315795,TR,37.1983,38.2059,-4.44,-11.44,-4.44,-4.44,1023,53,10000,8.9,345,1647661006,1647704481,99
Muroto-misakicho,1856392,JP,134.15,33.2833,11.84,10.54,11.84,11.84,1009,56,10000,5.35,306,1647637755,1647681204,19
Chokurdakh,2126123,RU,147.9167,70.6333,-29.25,-36.25,-29.25,-29.25,1015,100,10000,2.54,178,1647720591,1647764525,64
Saint-Pierre,935214,RE,55.4781,-21.3393,27.56,31.68,26.77,27.82,1008,85,10000,4.12,280,1647656484,1647700231,40
Snihurivka,693379,UA,32.8052,47.0758,3.45,-1.82,3.45,3.45,1040,30,10000,7.93,39,1647662063,1647705532,0
Salalah,286621,OM,54.0924,17.0151,30.64,28.85,30.64,30.64,1011,22,10000,4.8,350,1647656928,1647700451,0
Nālūt,2214432,LY,10.85,30.3333,24.62,23.53,24.62,24.62,1010,15,10000,6.71,277,1647667317,1647710814,0
Marawi,1701054,PH,124.2928,7.9986,20.96,21.57,20.96,20.96,1011,94,10000,0.73,137,1647640068,1647683622,63
Nakhon Phanom,1608530,TH,104.4167,17.3333,28.8,29.29,28.8,28.8,1006,49,10000,2.33,170,1647644857,1647688372,72
Plouzané,2986626,FR,-4.6167,48.3833,14.07,13.23,14.03,14.18,1026,65,10000,5.66,120,1647671031,1647714523,0
Sovetskiy,1491230,RU,63.5842,61.3614,-0.9,-4.49,-0.9,-0.9,1021,94,10000,2.9,250,1647654680,1647698144,82
Kushmurun,1519924,KZ,64.6311,52.4503,-17.37,-17.37,-17.37,-17.37,1038,93,10000,0.47,156,1647654436,1647697886,21
Klaksvík,2618795,FO,-6.589,62.2266,9.51,5.05,9.51,9.51,1031,81,10000,12.6,190,1647671481,1647715019,97
Gōtsuchō,1863521,JP,132.2167,35,6.42,3.08,6.42,6.42,1013,83,10000,5.07,11,1647638222,1647681666,100
Rubiataba,3450843,BR,-49.8033,-15.1644,26.49,26.49,26.49,26.49,1014,73,10000,2.97,86,1647681779,1647725460,4
Fershampenuaz,562878,RU,59.8117,53.5202,-10.26,-16.22,-10.26,-10.26,1036,93,10000,3.34,213,1647655590,1647699044,14
Bereda,3105522,ES,-7.5406,43.2686,18.1,17.56,18.1,18.1,1020,61,10000,0.32,117,1647671733,1647715224,75
Quatre Cocos,1106643,MU,57.7625,-20.2078,28.38,32.55,27.06,28.38,1009,77,10000,2.1,262,1647655940,1647699678,65
Arrifes,3373329,PT,-25.7,37.7667,13.14,11.84,13.14,13.46,1022,51,10000,7.2,350,1647676085,1647719586,40
Portobelo,3702577,PA,-79.65,9.55,25.74,26.51,25.4,25.83,1013,82,10000,6.49,35,1647688999,1647732563,34
Nabire,1634614,ID,135.4833,-3.3667,25.03,25.96,25.03,25.03,1009,91,10000,1.41,120,1647637350,1647680970,95
Novikovo,487928,RU,37.8879,51.1537,-2.51,-2.51,-2.51,-2.51,1043,84,10000,1.07,39,1647660844,1647704312,91
Crestview,4152311,US,-86.5705,30.7621,14.32,13.77,13.36,15.6,1021,75,10000,5.14,320,1647690678,1647734205,40
Puerto del Rosario,2512186,ES,-13.8627,28.5004,19.86,19.68,19.86,19.86,1016,68,10000,5.14,60,1647673242,1647716749,20
Balaipungut,1650600,ID,101.2833,1.05,26.52,26.52,26.52,26.52,1007,83,10000,1.03,32,1647645570,1647689163,74
Thunder Bay,6166142,CA,-89.3168,48.4001,-5.57,-10.29,-6.05,0.72,1014,90,10000,3.09,230,1647691329,1647734872,20
Changji,1529569,CN,87.3167,44.0167,2.44,0.39,2.44,2.44,1027,69,10000,2,270,1647648996,1647692439,0
Jumla,1283285,NP,82.1838,29.2747,13.48,12.5,13.48,13.48,1015,62,10000,1.84,173,1647650210,1647693688,92
Smolyaninovo,2016402,RU,132.4675,43.2956,-5.3,-9.66,-5.3,-5.3,1016,68,10000,2.81,360,1647724465,1647768065,100
Chifeng,2038067,CN,118.9636,42.2683,-2.27,-4.34,-2.27,-2.27,1021,35,10000,1.5,191,1647641409,1647684839,17
Lázaro Cárdenas,4026082,MX,-102.2,17.9583,22.46,22.2,22.46,22.46,1013,55,10000,2.64,42,1647694418,1647737965,9
Bukama,217834,CD,25.85,-9.2,28.72,31.31,28.72,28.72,1007,65,10000,0.86,337,1647663641,1647707292,8
Ciudad Bolivar,3645532,VE,-63.5497,8.1222,27.76,29.31,27.76,27.76,1015,62,10000,5.36,71,1647685134,1647728702,100
Qaqortoq,3420846,GL,-46.0333,60.7167,-8.83,-12.14,-8.83,-8.83,1011,78,10000,1.66,319,1647680932,1647724497,74
Tigil',2120612,RU,158.6667,57.8,-7.99,-12.35,-7.99,-7.99,1022,86,10000,2.4,120,1647718140,1647761818,77
Peace River,6100069,CA,-117.286,56.2501,-4.83,-10.7,-4.83,-4.83,1005,93,10000,4.63,330,1647698013,1647741610,100
Mariental,3355595,NA,17.9667,-24.6333,25.99,25.99,25.99,25.99,1014,45,10000,3.44,63,1647665473,1647709243,24
Carinhanha,3466950,BR,-43.765,-14.3047,31.2,30.14,31.2,31.2,1014,32,10000,2.58,92,1647680333,1647724008,11
Neiva,3673899,CO,-75.2819,2.9273,24.94,25.66,24.94,24.94,1013,83,10000,2.06,220,1647687939,1647731526,75
Tilichiki,2120591,RU,166.1,60.4667,-10.44,-15.23,-10.44,-10.44,1031,94,1911,2.39,36,1647716344,1647760046,100
Isangel,2136825,VU,169.2667,-19.55,26.77,29.65,26.77,26.77,1006,85,10000,3.13,292,1647715593,1647759278,93
Rio Grande,3451138,BR,-52.0986,-32.035,19.41,19.05,19.41,22.06,1020,63,10000,7.23,207,1647682257,1647726083,93
Kirensk,2022083,RU,108.1119,57.7853,-8.37,-14.84,-8.37,-8.37,1019,93,648,4.31,221,1647644018,1647687437,100
Durango,4011741,MX,-104.8333,24.8333,10.61,8.38,10.61,10.61,1020,25,10000,0.58,333,1647695055,1647738592,0
Skibbereen,2961459,IE,-9.2667,51.55,10.62,9.85,10.62,10.62,1026,81,10000,10.74,121,1647672143,1647715642,100
Lorengau,2092164,PG,147.2712,-2.0226,28.2,31.06,28.2,28.2,1008,70,10000,3.71,79,1647720911,1647764515,48
Rāzole,1258269,IN,81.8333,16.4833,24.67,25.44,24.67,24.67,1005,86,10000,2.25,153,1647650273,1647693794,0
Rasrā,1258380,IN,83.85,25.85,31.78,29.73,31.78,31.78,1002,19,10000,2.56,358,1647649806,1647693293,11
Pizarro,3672086,CO,-77.366,4.9533,25.35,26.21,25.35,25.35,1012,87,10000,1.27,147,1647688443,1647732023,100
Sassandra,2281951,CI,-6.0833,4.95,30.82,35.21,30.82,30.82,1008,63,10000,4.4,203,1647671341,1647714917,38
Samarai,2132606,PG,150.6667,-10.6167,28.69,33.31,28.69,28.69,1007,77,10000,3.84,345,1647720080,1647763717,100
Guaíra,3461995,BR,-48.3106,-20.3183,28.81,30.72,28.81,28.81,1014,60,10000,1.61,66,1647681402,1647725120,89
Evensk,2125693,RU,159.2333,61.95,-16,-22.39,-16,-16,1027,87,10000,2.77,17,1647717979,1647761707,100
Kiryat Gat,293842,IL,34.7642,31.61,14.38,12.16,13,15.45,1019,11,10000,7.14,314,1647661584,1647705071,15
Kifrī,94298,IQ,44.9661,34.6959,19.86,18.48,19.86,19.86,1013,22,10000,5.37,206,1647659141,1647702618,48
Tieling,2034439,CN,123.8414,42.2931,-3.16,-3.16,-3.16,-3.16,1020,66,10000,1.23,10,1647640239,1647683668,46
Buchanan,2278158,LR,-10.0467,5.8808,29.37,32.95,29.37,29.37,1009,67,10000,4.56,238,1647672293,1647715866,58
Merauke,2082539,ID,140.3333,-8.4667,27.26,30.55,27.26,27.26,1007,82,10000,1.59,255,1647636169,1647679824,96
Chaman,1181611,PK,66.4512,30.9236,20.38,18.89,20.38,20.38,1011,16,10000,3.49,318,1647653985,1647697463,0
Washington,5815135,US,-120.5015,47.5001,2.79,2.79,0.52,4.4,1010,79,10000,1.31,301,1647698804,1647742362,100
Fort Nelson,5955902,CA,-122.7002,58.8053,-8.23,-8.23,-8.23,-8.23,1003,79,10000,1.03,360,1647699301,1647742921,75
Arlit,2447513,NE,7.3853,18.7369,36.95,33.94,36.95,36.95,1007,7,10000,3.34,239,1647668134,1647711660,7
